cve_id,title,affected,severity,reference_url,mitigation
CVE-2021-44228,Log4Shell RCE via log4j (ES/Logstash images),elastic/logstash images pre-2.17,Critical,https://nvd.nist.gov/vuln/detail/CVE-2021-44228,"Scout SBOM per build (https://docs.docker.com/scout/); pin + upgrade images"
CVE-2022-42889,Text4Shell RCE (commons-text),java-based images,High,https://nvd.nist.gov/vuln/detail/CVE-2022-42889,"Scout scan in CI; rebuild on advisory"
CVE-2019-11253,K8s API server DoS (YAML parsing),k8s-bundled Desktop clusters,Medium,https://nvd.nist.gov/vuln/detail/CVE-2019-11253,"Upgrade Desktop/K8s bundle; limit API exposure"
CVE-2020-15257,containerd UDS host breakout (privileged),containerd <1.3.9/1.4.3,Medium,https://nvd.nist.gov/vuln/detail/CVE-2020-15257,"No --privileged; user-ns; keep Desktop/Engine updated"
CVE-2021-21285,Docker Desktop privilege escalation (Windows),Docker Desktop Windows,High,https://nvd.nist.gov/vuln/detail/CVE-2021-21285,"Update Desktop; per-user install; least-privilege docker-users (https://docs.docker.com/desktop/setup/install/windows-install/)"
CVE-2022-32250,Redis Lua sandbox escape (pre-7.0),redis images <7.0,High,https://nvd.nist.gov/vuln/detail/CVE-2022-32250,"Pin redis:7+; AUTH + no untrusted Lua (https://redis.io/docs/latest/develop/tools/cli/)"
CVE-2023-44487,HTTP/2 rapid-reset DoS (ingress/registries),http stacks,High,https://nvd.nist.gov/vuln/detail/CVE-2023-44487,"Update ingress/controllers; Scout policy gate"
CVE-2024-21626,runc container breakout (leaky cwd),runc <1.1.12,High,https://nvd.nist.gov/vuln/detail/CVE-2024-21626,"Update Engine/Desktop; never --privileged untrusted builds"
NOTE-IMAGE-HYGIENE,Stale base layers accumulate CVEs,all local images,Med,https://docs.docker.com/scout/,"Scout SBOM + continuous analysis; pin tag@digest; rebuild cadence"
