source_title,source_url,origin_domain,excerpt,date_found,relevance_tags,confidence_score
"docker container exec CLI reference",https://docs.docker.com/reference/cli/docker/container/exec/,docs.docker.com,"The docker exec command runs a new command in a running container. Command must be executable; chained/quoted command doesn't work.",2026-09-10,"executor,docker-exec,subprocess",0.99
"Compose startup order + healthcheck depends_on",https://docs.docker.com/compose/how-tos/startup-order/,docs.docker.com,"Compose does not wait until container is ready only until running. Use condition service_healthy with healthcheck before starting dependents.",2026-09-10,"verifier,healthcheck,pg_isready,compose",0.99
"Dev Containers spec home",https://containers.dev/,containers.dev,"Development Containers specification home; devcontainer.json metadata reference for reproducible containerized dev environments.",2026-09-10,"verifier,spec,devcontainers",0.95
"OrbStack marketing + benchmarks",https://orbstack.dev/,orbstack.dev,"OrbStack is fast light Docker Desktop alternative. Starts in seconds with VirtioFS file sharing Rosetta x86 emulation.",2026-09-10,"platform,macOS,competitor,performance",0.90
"Install Docker Desktop on Windows WSL2",https://docs.docker.com/desktop/setup/install/windows-install/,docs.docker.com,"Commercial use in larger enterprises (more than 250 employees OR more than $10M revenue) requires paid subscription. WSL 2 backend default.",2026-09-10,"platform,WSL2,Windows,licensing",0.99
"VS Code Developing inside a Container",https://code.visualstudio.com/docs/devcontainers/containers,code.visualstudio.com,"Dev Containers extension lets you use a container as full-featured dev environment; devcontainer.json configures tools runtimes.",2026-09-10,"UX,devcontainers,onboarding",0.95
"Podman Desktop docs stub",https://podman-desktop.io/docs,podman-desktop.io,"Podman Desktop docs landing; Docker-compatible desktop for Podman containers and Kubernetes.",2026-09-10,"platform,competitor,podman",0.80
"GitHub Codespaces docs",https://docs.github.com/en/codespaces,docs.github.com,"Create a codespace to start developing in secure configurable dedicated dev environment. Prebuilds speed creation for large repos.",2026-09-10,"competitor,cloud,devcontainers,CI",0.95
"Docker run reference mounts networking",https://docs.docker.com/engine/containers/run/,docs.docker.com,"docker run must specify image reference. Bind mounts share host files; volume mounts persist data. Exit 125 daemon error 127 not found.",2026-09-10,"executor,bind-mount,run",0.99
"Compose file services reference healthcheck",https://docs.docker.com/compose/compose-file/05-services/,docs.docker.com,"Service backed by set of containers defined by image and runtime args. healthcheck defines healthy; depends_on controls startup order.",2026-09-10,"verifier,compose-spec,healthcheck",0.99
"Compose spec 05-services GitHub",https://github.com/compose-spec/compose-spec/blob/main/05-services.md,github.com,"Long syntax condition service_healthy specifies dependency expected healthy as indicated by healthcheck before starting dependent.",2026-09-10,"verifier,spec,compose",0.98
"Docker Desktop overview",https://docs.docker.com/desktop/,docs.docker.com,"Docker Desktop is one-click-install app for Mac Linux Windows that lets you build share run containerized apps and microservices.",2026-09-10,"platform,UX,frontend",0.97
"Docker Desktop WSL2 backend",https://docs.docker.com/desktop/features/wsl/,docs.docker.com,"WSL 2 provides improvements to file system sharing faster cold-start times dynamic resource allocation. Integration per-distro.",2026-09-10,"platform,WSL2,bind-mount,performance",0.99
"OrbStack docs What is OrbStack",https://docs.orbstack.dev/,docs.orbstack.dev,"OrbStack is fast light simple way to run containers and Linux machines. Starts in 2 seconds optimized network and file system.",2026-09-10,"platform,macOS,competitor",0.92
"Dev Container metadata reference",https://containers.dev/implementors/json_reference/,containers.dev,"Dev Container metadata reference: devcontainer.json schema features templates lifecycle for reproducible environments.",2026-09-10,"verifier,spec,devcontainers",0.93
"Podman getting started",https://podman.io/docs,podman.io,"Podman is utility for creating maintaining containers. Rootless by default; search pull run with docker.io/library/httpd example.",2026-09-10,"platform,competitor,security,rootless",0.92
"Docker Engine security",https://docs.docker.com/engine/security/,docs.docker.com,"Only trusted users should control Docker daemon. Sharing host / as /host lets container alter host filesystem without restriction.",2026-09-10,"security,executor,CVE,daemon-socket",0.99
"Docker pricing FAQ licensing",https://www.docker.com/pricing/faq/,www.docker.com,"Use of Docker Desktop without paid subscription restricted to <250 employees and <$10M revenue. Government entities must purchase subscription.",2026-09-10,"legal,licensing,enterprise",0.99
"docker/compose GitHub repo",https://github.com/docker/compose,github.com,"Docker Compose is tool for running multi-container apps defined using Compose file format. docker compose up creates starts app.",2026-09-10,"executor,compose,CI",0.97
"DevPod What is DevPod",https://devpod.sh/docs/what-is-devpod,devpod.sh,"DevPod reuses open DevContainer standard. Cost savings 5-10x vs Codespaces; client-only open-source no vendor lock-in.",2026-09-10,"competitor,devcontainers,cost",0.90
"DDEV getting started WSL2",https://ddev.readthedocs.io/en/stable/,ddev.readthedocs.io,"DDEV launches local web dev envs in minutes. Windows WSL2 Mirrored mode needs hostAddressLoopback=true; OrbStack Lima Colima supported.",2026-09-10,"platform,WSL2,competitor,UX",0.90
"Bind mounts docs",https://docs.docker.com/engine/storage/bind-mounts/,docs.docker.com,"Bind mount mounts host file/dir into container. Containers with bind mounts strongly tied to host; rely on specific directory structure.",2026-09-10,"executor,bind-mount,security",0.99
"WSL networking NAT vs Mirrored",https://learn.microsoft.com/en-us/windows/wsl/networking,learn.microsoft.com,"By default WSL uses NAT architecture. Mirrored mode mirrors network interfaces adds IPv6 VPN multicast localhost support.",2026-09-10,"platform,WSL2,networking",0.98
"Colima GitHub",https://github.com/abiosoft/colima,github.com,"Colima provides container runtimes on macOS with minimal setup. Supports Intel Apple Silicon; Docker Containerd Incus; Rosetta 2 emulation.",2026-09-10,"platform,macOS,competitor",0.93
"docker compose up CLI",https://docs.docker.com/reference/cli/docker/compose/up/,docs.docker.com,"Builds (re)creates starts attaches to containers. --wait waits for running|healthy. --force-recreate --remove-orphans supported.",2026-09-10,"executor,compose,CI",0.99
"Python subprocess security + run()",https://docs.python.org/3/library/subprocess.html,docs.python.org,"Providing sequence of arguments is preferred as it allows escaping. shell=True invokes cmd.exe on Windows; use timeouts.",2026-09-10,"executor,subprocess,security,injection",0.99
"Docker SDK for Python (docker-py)",https://docker-py.readthedocs.io/en/stable/,docker-py.readthedocs.io,"Lets you do anything the docker command does but from within Python apps. from_env connects via default socket.",2026-09-10,"executor,docker-py,SDK,tradeoff",0.95
"Python shlex Unix-only quoting",https://docs.python.org/3/library/shlex.html,docs.python.org,"shlex only designed for Unix shells; quote() not guaranteed correct on Windows; prefer list args with shell=False.",2026-09-10,"executor,shlex,quoting,Windows",0.98
"Docker Engine API version negotiation",https://docs.docker.com/engine/api/,docs.docker.com,"Engine API is RESTful; SDKs support API version; DOCKER_API_VERSION disables negotiation; client/daemon may differ.",2026-09-10,"executor,API,version,CI",0.97
"Redis CLI PING + auth",https://redis.io/docs/latest/develop/tools/cli/,redis.io,"redis-cli -h host -p port PING returns PONG; -a password or REDISCLI_AUTH env for auth.",2026-09-10,"verifier,redis,healthcheck",0.97
"Kafka documentation (broker ops)",https://kafka.apache.org/documentation/,kafka.apache.org,"Broker configs + tools (broker-api-versions) for readiness; KRaft election needs long start_period.",2026-09-10,"verifier,kafka,healthcheck",0.85
"Elasticsearch single-node Docker",https://www.elastic.co/docs/deploy-manage/deploy/self-managed/install-elasticsearch-docker-basic,elastic.co,"Verify via curl --cacert -u elastic:PW https://localhost:9200 and _cat/nodes; 4GB + enrollment token.",2026-09-10,"verifier,elasticsearch,TLS",0.96
"Postgres Hub (password + init)",https://hub.docker.com/_/postgres,hub.docker.com,"POSTGRES_PASSWORD required must not be empty; trust locally password remote; initdb only on empty dir.",2026-09-10,"verifier,postgres,licensing",0.96
"K8s controllers reconcile pattern",https://kubernetes.io/docs/concepts/architecture/controller/,kubernetes.io,"Controllers are control loops watching state then making changes; spec is desired state.",2026-09-10,"reconciler,k8s,drift",0.98
"Docker Scout supply-chain security",https://docs.docker.com/scout/,docs.docker.com,"Analyzes images into SBOM matched against vulnerability DB; CLI/Hub/Dashboard + policy.",2026-09-10,"security,CVE,SBOM,CI",0.97
